A Bizarre Company,Bizarre.txt
A Canadian child's ABC,CanadianChilds.txt
A Moral Alphabet,Moral-Alphabet.txt
A Naval Alphabet,Naval.txt
A to Zen : a book of Japanese culture,a_to_zen.txt
"A, was an archer and Picture alphabet of nouns",Archer.txt
ABC An Alphabet,abc_an_alphabet.txt
ABC and the Children of Many Nations,many-nations.txt
ABC Eatables,Eatables.txt
ABC Fun,abcfun.txt
ABC Health Cards,HealthCards.txt
ABC Jingles,Jingles.txt
ABC of cars and trucks,abc_of_cars_and_trucks.txt
Abc writing book : let’s colour the picture and trace the letters,abc_writing_book.txt
ABC’s of forest fire prevention,abcs_of_forest_fire_prevention.txt
African ABC,african_abc.txt
Afro-Bets,afrobets.txt
Alphabet Rhymes,alphabet_rhymes.txt
"American ABC, An",american_abc.txt
An ABC,an-abc.txt
"An Alphabet Allegorical, Alliterative & Amusing",Allegorical.txt
An Alphabet for Boys & Girls,boys-girls.txt
An alphabet of celebrities,Celebrities.txt
An Alphabet of Fairy Tales,alphabet-fairy-tales.txt
Ant and Bee : an alphabetical story for tiny tots,ant_and_bee.txt
Apple Pie,apple-pie.txt
Arthur's Book of Alphabets,arthursalphabets.txt
Ashley Bryan’s ABC of African-American poetry,ashley_bryans_african_american_poetry.txt
Babes of the Empire from A to Z,BabesOfTheEmpire.txt
Baby's jingly journey through Alphabet Land : a collection of musical rhymes for children,Jingly.txt
Barnum and Jumbo's ABC,barnumabc.txt
Blinky Bill’s ABC book,blinky_bills_abc_book.txt
"Bold carnivore : an alphabet of predators, A",bold_carnivore.txt
Bowden's ABC Book of India,Bowdens.txt
Bruno Munari’s ABC,bruno_munari.txt
"Burma Alphabet in English & Burmese, The",burma_alphabet.txt
C is for curious : an ABC of feelings,c_is_for_curious.txt
"Calypso alphabet, The",calypso_alphabet.txt
City country ABC,city_country_abc.txt
D is for Doufu : an alphabet book of Chinese culture,d_for_doufu.txt
Denslow's ABC Book,denslows.txt
Eating the alphabet : fruits and vegetables from A to Z,eating_the_alphabet.txt
Edward Lear's ABC,EdwardLear.txt
Father Tuck's Noah's Ark ABC,Father-Tuck.txt
Gathering the sun : an A B C in Spanish and English,gathering_the_sun.txt
Goldfish at school,Goldfish.txt
Goop Tales,GoopTales.txt
Grandmamma Easy's Illuminated scriptural alphabet,Grandmama.txt
Grandpapa Easy's New scripture historical alphabet,Grandpapa.txt
Green's alphabetical panorama,Greens.txt
Halloween A B C,halloween_abc.txt
Handtalk,Handtalk.txt
Harold’s ABC,harolds_abc.txt
Illustrated alphabet of nouns,Nouns.txt
Jambo means hello : Swahili alphabet book,jambo_means_hello.txt
Laugh and Learn ABC Book,laugh-learn.txt
Little Folks' ABC,littlefolksabc.txt
Look for the letters : a hide-and-seek alphabet,look_for_the_letters.txt
Mavor's Illustrated Primer,Mavors.txt
"Mickey Mouse musical ABC story, A",mickey_mouse_musical.txt
Mother's Picture Alphabet,mothers.txt
"Mounted picture toy book : comprising, Nursery rhyme alphabet, Nursery numbers, The tiny tea party, The book of trades ; with thirty-two pages of illustrations, printed in colours",Mounted.txt
Old Aunt Elspa's ABC,Elspas.txt
Osbourne's pictorial alphabet,Osbournes.txt
Panoramic alphabet of peace,Panoramic.txt
R. Cruikshank's comic alphabet,Cruikshank.txt
Take your choice!,TakeYourChoice.txt
The Adventures of ABC,AdventuresOfABC.txt
The Adventurous Billy and Betty,adventurous_billy_betty.txt
The alphabet of Goody Two Shoes,GoodyTwoShoes.txt
The alphabet of musical bogeys,Bogeys.txt
The Anti-Slavery Alphabet,Anti-slavery.txt
The Bandit Bunny Alphabet and other stories,banditbunny.txt
The Bicycle ABC,bicycleabc.txt
The child's alphabet,TheChildsAlphabet.txt
The Children's Moral Alphabet,Moral.txt
The History of Apple Pie,history-apple-pie.txt
The home alphabet book : with descriptive coloured engravings,Home.txt
The infant's posture alphabet,Infants-posture.txt
The invited alphabet,invited.txt
The Keith ABC for children,Keith.txt
The Modern ABC Book,modern-abc.txt
The Noah's ark ABC,Noahs-Ark.txt
The scripture alphabet for children,ScriptureAlphabet.txt
The soldiers and sailors ABC,Soldiers-Sailors.txt
The Teddy Bear ABC,teddybearabc.txt
The Twins ABC,twins-abc.txt
The Union ABC,unionabc.txt
The Union Label Alphabet for Little and Big Children,union-label.txt
The World at Home ABC,WorldAtHome.txt
Tom Thumb's alphabet,TomThumb.txt
Tony Sarg's Alphabet,tony-sarg.txt
"Ultimate alphabet, The",ultimate_alphabet.txt
Wild animal crackers,wild_animal_crackers.txt
Wrights Alphabet Book,Wrights.txt
